[
    {
        "id":1,
        "name":"Story Book",
        "title":"The Magical Forest",
        "price":0,
        "category":"Free",
        "image":"https://img.freepik.com/free-photo/front-view-stacked-books-ladders-education-day_23-2149241046.jpg?t=st=1715800121~exp=1715803721~hmac=3943e6317c57d07ef634a35f9503a2e9d886a360554237c5485c707de486bb2b&w=1380"

    },
    {
        "id":2,
        "name":"Science",
        "title":"A Brief History of Time",
        "price":40,
        "category":"Paid",
        "image":"https://img.freepik.com/free-photo/front-view-stacked-books-ladders-education-day_23-2149241046.jpg?t=st=1715800121~exp=1715803721~hmac=3943e6317c57d07ef634a35f9503a2e9d886a360554237c5485c707de486bb2b&w=1380"

    },
    {
        "id":3,
        "name":"Language Book",
        "title":"Spanish for Beginners",
        "price":50,
        "category":"Paid",
        "image":"https://img.freepik.com/free-photo/front-view-stacked-books-ladders-education-day_23-2149241046.jpg?t=st=1715800121~exp=1715803721~hmac=3943e6317c57d07ef634a35f9503a2e9d886a360554237c5485c707de486bb2b&w=1380"

    },
    {
        "id":3,
        "name":"Comic book",
        "title":"Spider-Man",
        "price":70,
        "category":"Paid",
        "image":"https://img.freepik.com/free-photo/front-view-stacked-books-ladders-education-day_23-2149241046.jpg?t=st=1715800121~exp=1715803721~hmac=3943e6317c57d07ef634a35f9503a2e9d886a360554237c5485c707de486bb2b&w=1380"

    },
    {
        "id":5,
        "name":"Science Fiction",
        "title":"Dune",
        "price":100,
        "category":"Paid",
        "image":"https://img.freepik.com/free-photo/front-view-stacked-books-ladders-education-day_23-2149241046.jpg?t=st=1715800121~exp=1715803721~hmac=3943e6317c57d07ef634a35f9503a2e9d886a360554237c5485c707de486bb2b&w=1380"

    },
    {
        "id":6,
        "name":"Romance",
        "title":"Pride and Prejudice",
        "price":80,
        "category":"Paid",
        "image":"https://img.freepik.com/free-photo/front-view-stacked-books-ladders-education-day_23-2149241046.jpg?t=st=1715800121~exp=1715803721~hmac=3943e6317c57d07ef634a35f9503a2e9d886a360554237c5485c707de486bb2b&w=1380"

    },
    {
        "id":7,
        "name":"Story Book",
        "title":"Mystery in the Moonlight",
        "price":0,
        "category":"Free",
        "image":"https://img.freepik.com/free-photo/front-view-stacked-books-ladders-education-day_23-2149241046.jpg?t=st=1715800121~exp=1715803721~hmac=3943e6317c57d07ef634a35f9503a2e9d886a360554237c5485c707de486bb2b&w=1380"

    },
    {
        "id":8,
        "name":"Adventure",
        "title":"The Hobbit",
        "price":0,
        "category":"Free",
        "image":"https://img.freepik.com/free-photo/front-view-stacked-books-ladders-education-day_23-2149241046.jpg?t=st=1715800121~exp=1715803721~hmac=3943e6317c57d07ef634a35f9503a2e9d886a360554237c5485c707de486bb2b&w=1380"

    },
    {
        "id":9,
        "name":"Graphic Novels",
        "title":" Maus",
        "price":0,
        "category":"Free",
        "image":"https://img.freepik.com/free-photo/front-view-stacked-books-ladders-education-day_23-2149241046.jpg?t=st=1715800121~exp=1715803721~hmac=3943e6317c57d07ef634a35f9503a2e9d886a360554237c5485c707de486bb2b&w=1380"

    },
    {
        "id":10,
        "name":"Picture Books",
        "title":"Where the Wild Things Are",
        "price":0,
        "category":"Free",
        "image":"https://img.freepik.com/free-photo/front-view-stacked-books-ladders-education-day_23-2149241046.jpg?t=st=1715800121~exp=1715803721~hmac=3943e6317c57d07ef634a35f9503a2e9d886a360554237c5485c707de486bb2b&w=1380"

    },
    {
        "id":11,
        "name":"Entertainment",
        "title":"Batman",
        "price":0,
        "category":"Free",
        "image":"https://img.freepik.com/free-photo/front-view-stacked-books-ladders-education-day_23-2149241046.jpg?t=st=1715800121~exp=1715803721~hmac=3943e6317c57d07ef634a35f9503a2e9d886a360554237c5485c707de486bb2b&w=1380"

    
    },
    {
        "id":12,
        "name":"Fantasy",
        "title":"Harry Potter",
        "price":0,
        "category":"Free",
        "image":"https://img.freepik.com/free-photo/front-view-stacked-books-ladders-education-day_23-2149241046.jpg?t=st=1715800121~exp=1715803721~hmac=3943e6317c57d07ef634a35f9503a2e9d886a360554237c5485c707de486bb2b&w=1380"

    }
]